group,Tstar,Lstar,lam,u1,u2,t,minDist,status,syzygies,bhhType,wordRoot,wordPower
unmatched,4.95982863350,1.01495361443,0.865250434526,0.250164021042,2.51035632573,1.39881000461,0.134749565474,stable,2.00000000000,true,01,1.00000000000
atlas,7.21771053039,1.76680303194,0.678888368388,-0.624414744595,-1.36762353505,3.14712603736,0.321111631612,unstable,2.00000000000,false,0,2.00000000000
unmatched,9.65840318335,1.04180669348,0.499137775115,-0.910066623766,1.65437881964,4.16308150109,0.500862224885,stable,6.00000000000,true,01,3.00000000000
atlas,9.87833561612,1.43874137713,0.653117734107,-0.532565055861,-1.44593783867,6.37768939666,0.0210675493089,unstable,6.00000000000,false,000111,1.00000000000
unmatched,9.91780478968,2.27725994475,0.222953861104,-0.939737210564,-0.494731616274,4.87216058167,0.777046138887,unstable,4.00000000000,false,0001,1.00000000000
unmatched,11.6519878383,1.77288440955,0.750143031572,-0.942453170391,-1.47519819729,11.9646086310,0.0715539030105,unstable,6.00000000000,false,000101,1.00000000000
unmatched,12.0974172078,2.14623366234,0.244059920314,-0.790194753709,-0.644570403828,5.40829387493,0.128480451656,unstable,6.00000000000,false,000101,1.00000000000
unmatched,12.1703249833,0.737412597724,0.360756547212,-0.0791518892420,1.31433195728,4.81120127780,0.639243452788,unstable,6.00000000000,true,01,3.00000000000
unmatched,13.9859258039,2.14092917592,0.0298757497143,-0.976483737518,0.353643035799,2.97332758921,0.0365305816952,unstable,10.0000000000,false,0001011101,1.00000000000
unmatched,14.1291348626,2.10582575904,0.274561271508,-0.983238156568,-0.586843377645,10.3563836866,0.725438728469,unstable,8.00000000000,false,00010101,1.00000000000
unmatched,14.1375527141,2.08040247416,0.285544006092,-0.830419356701,-0.693676134864,7.87252710153,0.243114767540,unstable,8.00000000000,false,00010101,1.00000000000
unmatched,15.1527595896,0.420462157280,0.154150520514,-0.130408330801,0.643359238153,2.31918459717,0.0473556686436,unstable,8.00000000000,false,01010102,1.00000000000
unmatched,16.9686740558,1.37288698210,0.401947997523,-0.257388180240,-0.713471874530,2.73610345910,0.0173274353551,unstable,6.00000000000,false,000001,1.00000000000
unmatched,16.9835876789,1.59805133090,0.196260549225,-0.423006700778,-0.289422463807,2.61125428319,0.0580895400189,unstable,6.00000000000,false,000001,1.00000000000
unmatched,17.0572256107,0.477790754213,0.274110172028,-0.197049590242,1.04124586985,3.70101578671,0.00335302899646,unstable,12.0000000000,false,010102012102,1.00000000000
unmatched,17.8468076451,2.57211588395,0.494736426389,-0.939477605152,-0.567361838312,5.32607411987,0.505263573611,stable,10.0000000000,true,01,5.00000000000
unmatched,17.8947473420,2.18351109169,0.178383062475,-0.947476145649,0.368880873247,3.46700958269,0.0103501114595,unstable,14.0000000000,false,00010101110101,1.00000000000
unmatched,18.0796717825,2.00718603481,0.315378162618,-0.913408402062,-0.699786603671,13.7063703161,0.483902036497,unstable,12.0000000000,false,000101010101,1.00000000000
unmatched,19.0910480317,0.587525273294,0.109430421898,-0.103264843764,0.685613137789,3.10489170669,0.000201275100242,unstable,14.0000000000,false,00121002121212,1.00000000000
unmatched,19.1421449035,0.908179092954,0.227125977603,-0.0205297059522,0.945562541003,4.19280651708,0.178271938558,unstable,12.0000000000,true,01,6.00000000000
unmatched,19.4116574285,2.21993332727,0.268258707559,-0.826795481777,-0.591903539754,8.06120351758,0.492204283093,unstable,6.00000000000,false,000101,1.00000000000
unmatched,19.6206262520,0.342568237949,0.473240434772,0.0778756445679,-0.695846178294,2.28563075041,0.0242158839459,unstable,12.0000000000,false,010101020202,1.00000000000
unmatched,19.7691315296,2.59503494425,0.509263474425,-0.970895889528,-0.579757854722,6.24135810937,0.490736525601,stable,12.0000000000,true,01,6.00000000000
unmatched,21.6932259818,2.25248692464,0.290688280451,-0.924607355618,0.382047596589,3.73089592704,0.00393032676697,unstable,18.0000000000,false,000101010111010101,1.00000000000
unmatched,23.6843728275,1.69276959372,0.581271959122,-0.378564370314,-0.896630815563,3.54680403099,0.0177367458857,unstable,12.0000000000,false,000100202001,1.00000000000
unmatched,23.8626457000,0.610054279325,0.196216577568,-0.0431895145322,0.616282041321,3.59487530091,0.0733268216958,unstable,16.0000000000,false,0101010101010102,1.00000000000
unmatched,23.8628974877,0.604356101836,0.0904890169137,-0.0117896961872,-0.407988521505,3.32237689411,0.0467443626327,unstable,16.0000000000,false,0101010101010102,1.00000000000
unmatched,23.8636161319,0.658788799868,0.145351059283,-0.00263032128018,-0.503398583773,3.44668288361,0.0658209044866,unstable,16.0000000000,false,0101010101010102,1.00000000000
unmatched,23.9818241208,1.52023009389,0.0491685233651,-0.585153588023,0.160291187651,3.59944954055,0.00174503671305,unstable,16.0000000000,false,0001011100011101,1.00000000000
unmatched,25.2187319373,0.579364517116,0.215210596344,-0.144917721583,0.907041187654,4.87278900672,0.00494629491574,unstable,20.0000000000,false,01010101010102012102,1.00000000000
unmatched,25.4048522502,2.33028406397,0.371468449109,-0.908041951441,0.388351321712,3.89952560827,0.00193332288340,uncertain,22.0000000000,false,0001010101011101010101,1.00000000000
unmatched,25.7078589980,2.15831051576,0.278862048763,-0.711327637232,-0.103066025318,4.28886337817,0.118197942245,unstable,10.0000000000,true,01,5.00000000000
unmatched,25.7643997118,1.65293387376,0.648070103333,-0.349438609377,-1.00333397872,3.32082959200,0.00932343531212,unstable,14.0000000000,false,00010020202001,1.00000000000
unmatched,26.9389624767,0.00791053197851,0.156046074560,-0.361547158586,0.850172017406,4.74869508235,0.00600519599497,unstable,18.0000000000,false,010201202102010212,1.00000000000
unmatched,27.9833751220,2.24075021306,0.147783936417,-0.746663553918,-0.501838562891,8.81603296446,0.0427790965501,unstable,20.0000000000,false,00010101110001110101,1.00000000000
unmatched,29.0251156791,0.585537235825,0.708025162251,0.0164145791761,0.944004318434,2.12155571746,0.00241301656966,unstable,24.0000000000,false,010101010101010102012102,1.00000000000
unmatched,29.5691519755,2.49415860357,0.0287552632661,-1.10825598191,-0.0654841312547,11.2955096802,0.325401976459,unstable,18.0000000000,false,000001010101010101,1.00000000000
unmatched,29.7765229683,2.45750055227,0.359050748886,-0.953185393770,-0.452033349392,10.6247856621,0.523374024191,unstable,14.0000000000,true,01,7.00000000000
unmatched,30.2217851603,0.118311418875,0.280511527749,-0.320034181053,1.00980533238,5.90039170803,0.00481996594870,unstable,20.0000000000,false,01021021021012012012,1.00000000000
unmatched,32.3051862075,0.604714076568,0.161337121966,-0.204963051915,0.0343256592819,4.04427147741,0.00329596694654,unstable,20.0000000000,false,0001212121,2.00000000000
unmatched,33.4486095123,1.22549974035,0.471730118542,-0.267509845665,-1.27809829162,16.1057299320,0.0901907353264,unstable,22.0000000000,true,01,11.0000000000
unmatched,33.7450829050,2.56591958573,0.520277462694,-0.872574775364,-0.603299115520,8.41136648419,0.479722537308,stable,18.0000000000,true,01,9.00000000000
unmatched,33.7451496751,2.55674030732,0.484837288841,-0.916742769117,-0.556583810274,9.62193236852,0.515162711161,unstable,18.0000000000,true,01,9.00000000000
unmatched,35.0501029427,0.0131875744801,0.255363805799,-0.289102424992,0.764532416545,5.39836792919,0.0195208444770,unstable,24.0000000000,false,010102102012,2.00000000000
unmatched,35.3007605322,0.523098155827,0.239554347349,-0.353799133637,0.489255571648,4.65865637032,0.00145236334633,unstable,28.0000000000,false,0101010101010101021201010212,1.00000000000
unmatched,35.6933149753,2.39690705247,0.539380617029,-0.681778490964,-0.260584142925,4.23196867787,0.0902024050043,unstable,18.0000000000,false,010101010101021212,1.00000000000
unmatched,35.8569006773,0.334998990170,0.706779303825,0.0364691917892,-0.832335927951,2.38953044698,0.0143624611193,unstable,28.0000000000,false,0101010101010101010202020202,1.00000000000
unmatched,35.9396847214,0.458659994185,0.519866435086,-0.00322278446102,-0.543352150510,3.55795954297,0.00451043124638,unstable,26.0000000000,false,01010101020120120102102102,1.00000000000
unmatched,37.2946040011,0.521711159449,0.0438656518587,-0.122928910802,-0.0900802856476,4.80493581186,0.0115605474094,unstable,22.0000000000,false,0101010121010101020202,1.00000000000
unmatched,37.6680355861,1.29065272918,0.440292559970,-0.305190056614,-1.23627062449,19.3498622882,0.0598504344376,unstable,26.0000000000,true,01,13.0000000000
unmatched,39.6132260340,2.21582403384,0.244367165090,-0.930806342904,0.373765430895,7.16971677754,0.00334879312554,unstable,28.0000000000,false,00010101010101,2.00000000000
unmatched,39.6437208496,0.00348565005673,0.289126696716,-0.147665306592,0.418519836385,4.87562529220,0.0150394521963,unstable,28.0000000000,false,0101021020102102020120102012,1.00000000000
zeroL,39.6448492992,1.21057224662e-13,0.301964924993,-0.170864188166,0.489557600424,4.96859311483,0.0174155864488,unstable,28.0000000000,false,0101021020102102020120102012,1.00000000000
unmatched,41.1662557177,0.755719562351,0.273610245854,-0.552076022282,0.810182718421,6.53850291717,0.00694796105278,unstable,24.0000000000,false,010101010101010101020202,1.00000000000
unmatched,41.8479256837,2.26002567592,0.106221901892,-0.801361249904,-0.0926884671143,8.68041844018,0.129153717691,unstable,16.0000000000,false,0101010101021212,1.00000000000
unmatched,41.9168958048,2.25989512680,0.157350555040,-0.749383420538,-0.453805237120,12.0885810452,0.179843832637,unstable,18.0000000000,false,000121212121212121,1.00000000000
unmatched,42.8771710657,0.478939780517,0.228222675657,-0.280623344045,0.335721093452,5.38268047208,0.0185126191036,unstable,26.0000000000,false,01010102120101202021010212,1.00000000000
unmatched,43.4556390630,2.31208700739,0.174981425028,-0.782532102251,-0.333761562078,10.9586503998,0.162718946279,unstable,20.0000000000,true,01,10.0000000000
unmatched,43.4936565470,0.00554909539504,0.296875174829,-0.281360504841,0.805645340120,6.70205187387,0.0155609439181,unstable,32.0000000000,false,01010101010102101021020201201012,1.00000000000
unmatched,43.6550527150,2.45463167932,0.464499652258,-0.811478289494,-0.554180782635,10.4414203337,0.367034965863,unstable,20.0000000000,true,01,10.0000000000
unmatched,43.8275525632,0.913116058248,0.284947731213,-0.109545986568,-0.531195916445,6.18381106142,0.0247281384023,unstable,26.0000000000,false,01010101010121010101010102,1.00000000000
unmatched,45.9001548626,2.15451257204,0.0366008231488,-0.990876715900,0.366334456097,9.91658254111,0.0129529609628,unstable,34.0000000000,false,0001010111010001011101010001011101,1.00000000000
unmatched,46.2453369942,0.511669668603,0.265526863577,-0.350290230408,0.508641806221,6.03530350966,0.000905468715912,unstable,40.0000000000,false,0101010101010101010101010101021201010212,1.00000000000
unmatched,47.0654142919,2.62588102755,0.701898193373,-0.692318763396,-0.903795896734,5.88167598898,0.241838125450,stable,32.0000000000,true,01,16.0000000000
unmatched,47.6319523180,2.44392631237,0.536310067323,-0.769511114171,-0.674176061126,10.3577949869,0.297677002075,unstable,24.0000000000,true,01,12.0000000000
unmatched,49.6081805251,0.544069963050,0.303009238737,-0.246405589832,0.227161697283,5.76335873638,0.00450510154973,unstable,34.0000000000,false,0101010101010102020202101012020202,1.00000000000
unmatched,50.0635352465,2.14840645799,0.382594526134,-0.634368232818,-0.344101573567,8.20297801598,0.210800215526,unstable,38.0000000000,false,00101002020202020202020202020202020202,1.00000000000
unmatched,50.3447304693,0.0937851721749,0.501329430855,-0.274734105484,0.980563674015,6.75416235853,0.0165410246228,unstable,46.0000000000,false,0101010101010101010101010101010101021020202012,1.00000000000
unmatched,51.6387854484,0.431614111040,0.470959926115,0.0459330866172,-0.675512745643,6.01018348243,0.0491550362061,unstable,36.0000000000,false,010101010101010101010101010101020202,1.00000000000
unmatched,52.2083260408,0.839610806371,0.507726389632,-0.117951488920,-0.534236792316,5.47645658282,0.0123742031496,unstable,34.0000000000,false,0101010101010121010101010101020202,1.00000000000
unmatched,54.3016012733,2.29977330606,0.197791866572,-0.776809368928,-0.242016855826,11.9173002848,0.119581155728,unstable,32.0000000000,true,01,16.0000000000
unmatched,55.7852216494,2.08277004352,0.151217223576,-0.836182347330,0.229439956521,9.95986591723,0.0299594595008,unstable,32.0000000000,false,00010112110101010101010101121101,1.00000000000
unmatched,56.8257846355,0.502452906696,0.277766262037,-0.346907889854,0.516998349266,7.36880159357,0.000786772841796,unstable,52.0000000000,false,0101010101010101010101010101010101010101021201010212,1.00000000000
unmatched,57.4612844216,0.497309073737,0.476598207875,-0.262957863078,0.450137743784,5.71563973265,0.00373531163942,unstable,52.0000000000,false,0101010101010101010101010101010101010212010101010212,1.00000000000
unmatched,57.5168593752,2.20446447799,0.218271346887,-0.940402330996,0.374872549346,10.7450188268,0.00421973004223,uncertain,38.0000000000,false,00010101010101010101110101010101010101,1.00000000000
unmatched,59.4396142443,0.0332628446829,0.151102559359,-0.0968533862441,0.252978826061,7.52827426707,0.00444576604985,unstable,42.0000000000,false,010102102010210202012010102102020120102012,1.00000000000
unmatched,59.4428062818,0.0149837110103,0.311809080791,-0.174170748884,0.492476925212,7.39310880887,0.0114835650225,unstable,42.0000000000,false,010102102010210202012010102102020120102012,1.00000000000
unmatched,59.7191263037,0.193233480261,0.433336803023,-0.217867985429,1.00271420877,9.61927615321,0.0496933353979,unstable,42.0000000000,false,01010210202012,3.00000000000
unmatched,59.7210289426,0.194241408449,0.391795348297,-0.206275599855,0.893316228666,9.11119075952,0.0941433109973,unstable,42.0000000000,false,01010210202012,3.00000000000
unmatched,60.6596720430,0.741187119030,0.305188048221,-0.160390468893,-0.198838812939,7.20019621197,0.00342028818353,unstable,36.0000000000,false,010101010101010101010101010101010102,1.00000000000
unmatched,61.7231292496,1.41001264518,0.690752220053,-0.493770792991,0.848363826000,4.19854555327,0.0305651763572,unstable,56.0000000000,true,01,28.0000000000
unmatched,62.1595799601,0.172601398790,0.534837174587,-0.286292474924,0.996780009331,7.81029387624,0.00173335081274,unstable,44.0000000000,false,01010101021020202102120102120102120120202012,1.00000000000
unmatched,70.0023548449,0.0779972145913,0.158584431044,-0.260108002105,0.680794582189,10.7442962104,0.0206465757637,unstable,48.0000000000,false,010102102012,4.00000000000
unmatched,72.4651549490,0.278955552567,0.322115800499,-0.191275038045,0.311890672878,8.36429576845,0.0198881503472,unstable,48.0000000000,false,01010212,6.00000000000
zeroL,79.2469222324,1.53830874150e-13,0.145052964813,-0.0997829582173,0.233424888585,10.0130155970,0.0109932283404,unstable,56.0000000000,false,01010210201021020201201010210202012010201201010210202012,1.00000000000